{
  "baseName" : "NexiGo N60 FHD Webcam",
  "uniqueName" : "NexiGo_N60_FHD_Webcam",
  "nickname" : "NexiGo_N60_FHD_Webcam",
  "FOV" : 70.0,
  "path" : "\\\\?\\usb#vid_1d6c&pid_0103&mi_00#6&c9fd7ac&0&0000#{e5323777-f976-4f5b-9b55-b94699c46e44}\\global",
  "cameraType" : "UsbCamera",
  "currentPipelineIndex" : -1,
  "camPitch" : {
    "radians" : 0.0
  },
  "calibrations" : [ {
    "resolution" : {
      "width" : 320.0,
      "height" : 240.0
    },
    "cameraIntrinsics" : {
      "rows" : 3,
      "cols" : 3,
      "type" : 6,
      "data" : [ 313.18882602239535, 0.0, 156.73030455666623, 0.0, 312.86673077386763, 117.66961807022514, 0.0, 0.0, 1.0 ]
    },
    "cameraExtrinsics" : {
      "rows" : 1,
      "cols" : 5,
      "type" : 6,
      "data" : [ -0.4081428465882777, 0.4290954477611535, 8.844237394675117E-4, 0.0014060529229441715, -0.5243505746678686 ]
    },
    "perViewErrors" : [ 0.09828401148346098, 0.08113026765229106, 0.06776745931738702, 0.12296255458643753, 0.15514707646495837, 0.17757978680921582, 0.13774514263547535, 0.14228406139984842, 0.07121175535758635, 0.14766990925204762, 0.15125118630379653, 0.08794577770535338 ],
    "standardDeviation" : 0.03562726043805956
  }, {
    "resolution" : {
      "width" : 640.0,
      "height" : 480.0
    },
    "cameraIntrinsics" : {
      "rows" : 3,
      "cols" : 3,
      "type" : 6,
      "data" : [ 622.9502105507006, 0.0, 313.2544830699728, 0.0, 622.9695453400146, 231.8514392310084, 0.0, 0.0, 1.0 ]
    },
    "cameraExtrinsics" : {
      "rows" : 1,
      "cols" : 5,
      "type" : 6,
      "data" : [ -0.350844073884771, -0.021610674937083747, -0.00231069294257911, -0.0017973035237852653, 0.5271150609899622 ]
    },
    "perViewErrors" : [ 0.1443256883996683, 0.13362129574920287, 0.15196405174670521, 0.23458375835108242, 0.21472625449998003, 0.1814179646074718, 0.17305856340493822, 0.16359391016576336, 0.14833290101679655, 0.22042980269146162, 0.17876487941601235, 0.25494093974424437 ],
    "standardDeviation" : 0.03745843737316123
  } ],
  "streamIndex" : 0
}