{
  "baseName" : "HP Wide Vision HD Camera",
  "uniqueName" : "HP_Wide_Vision_HD_Camera",
  "nickname" : "HP_Wide_Vision_HD_Camera",
  "FOV" : 70.0,
  "path" : "\\\\?\\usb#vid_05c8&pid_03df&mi_00#7&fa76035&0&0000#{e5323777-f976-4f5b-9b55-b94699c46e44}\\global",
  "cameraType" : "UsbCamera",
  "currentPipelineIndex" : -1,
  "camPitch" : {
    "radians" : 0.0
  },
  "calibrations" : [ {
    "resolution" : {
      "width" : 640.0,
      "height" : 360.0
    },
    "cameraIntrinsics" : {
      "rows" : 3,
      "cols" : 3,
      "type" : 6,
      "data" : [ 393.33362605552145, 0.0, 263.24149997899593, 0.0, 405.17084330732007, 354.24379820958546, 0.0, 0.0, 1.0 ]
    },
    "cameraExtrinsics" : {
      "rows" : 1,
      "cols" : 5,
      "type" : 6,
      "data" : [ -0.041718031218203076, 0.020173425547489306, 0.05939347943187162, -0.005030004798355909, -0.007876928424556963 ]
    },
    "perViewErrors" : [ 0.9774770155390933, 1.44905239103994, 1.4889115673813471, 1.0128002280755817, 1.4323162471129114, 1.3195075885949328, 1.2887758556901043, 1.0301024726983086, 1.1189582262013351, 3.3730390349134267, 1.0791751958945988, 0.8072685458832567, 0.6737916427965213, 0.6124567277927647, 0.6805322121185284, 0.936395030883241, 1.9482959244301232, 2.620028892135929, 3.5400031026330567, 4.464233040324852, 0.9600702887948085, 0.8811181484331301, 0.8503078931527533, 0.8169180899143712, 0.8420225276120887, 1.5018612069269985, 1.3352761079430988, 1.413036639304997, 1.395708846277265, 1.3678584433713972, 1.200211213182523, 1.2574862766375532, 1.2092132060634984, 1.292335065750396, 3.6516944284279402, 1.177782846608623, 1.2573065760380837, 2.950684111979299, 1.3190697856752955, 1.4051640460304442, 2.832540025747344, 1.4052417048694514, 1.1808532895689452, 1.269356691717293, 1.1691052298555722, 0.9651416934545146, 0.9387531897891648, 1.0057556669050376, 0.9656328891105431, 1.0147952803484304, 1.3080611390876393, 1.3711793807805288, 1.2076497634789427, 1.1691476119652855, 1.1186381848419948, 1.385514848821592, 1.5201967701737602, 1.3493490403478188, 1.2144204872207702, 1.2279588678900493, 1.2490619489870598, 1.5816652582430657, 1.5367191709166381, 1.6117851163462893, 1.4499711910857653, 1.4496592570679427, 1.5710250652222755 ],
    "standardDeviation" : 0.7233534627361333
  }, {
    "resolution" : {
      "width" : 1280.0,
      "height" : 720.0
    },
    "cameraIntrinsics" : {
      "rows" : 3,
      "cols" : 3,
      "type" : 6,
      "data" : [ 1310.2786035340068, 0.0, 467.61558006733657, 0.0, 1517.878875027795, 395.02587149628664, 0.0, 0.0, 1.0 ]
    },
    "cameraExtrinsics" : {
      "rows" : 1,
      "cols" : 5,
      "type" : 6,
      "data" : [ -1.8839411108797655, 9.49240355261524, 0.04841138270239175, 0.15321493447005854, -19.837070238621184 ]
    },
    "perViewErrors" : [ 2.796813483965938, 1.9549663851279395, 1.8091662969293174, 2.034254600660837, 2.9964926524970052, 3.361337247085651, 3.564923924574298, 3.497036434546508, 3.4235953037722053, 2.7358897272274323, 2.3263746513300574, 2.178677446036604, 2.254799949915258, 2.3117277779429966, 2.3763441613890492, 2.4768790791512743, 2.487927352840344, 2.5827840970685996, 2.2193861025537736, 1.287068424839881, 1.3489824444872096, 1.313571391568573, 1.160503018191463, 5.855752866167195, 3.288951918330928, 6.001119987056888, 6.141627664895754, 10.333620421642896, 10.318032959136946 ],
    "standardDeviation" : 2.2861085333381284
  } ],
  "cameraLeds" : [ ]
}