{
  "2020 Hex Goal": [
    [-19.625, 0],
    [-9.819867, -17],
    [9.819867, -17],
    [19.625,0],
    [17.316,       0],
    [8.665867,   -15],
    [-9.819867,  -15],
    [-17.316,      0]
  ],
  "2020 Loading Station": [
    [-3.54,5.5],
    [-3.54,-5.5],
    [3.54,-5.5],
    [3.54,5.5]
  ],
  "2019 Dual Target": [
    [-7.75, 3],
    [-7.75, -3],
    [7.75, -3],
    [7.75, 3]
  ]
}