{
  "2020 Hex Goal": [
    [-19.625, 0],
    [-9.819867, -17],
    [9.819867, -17],
    [19.625,0]
  ],
  "2020 Loading Station": [
    [-0.09,0.14],
    [-0.09,-0.14],
    [0.09,-0.14],
    [0.09,0.14]
  ],
  "2019 Dual Target": [
    [-7.75, 3],
    [-7.75, -3],
    [7.75, -3],
    [7.75, 3]
  ]
}